time,q_ad
0.0,397.1542834354758
5.0,397.1542834354758
10.0,397.1542834354758
15.0,397.1542834354758
20.0,397.1542834354758
25.0,397.1542834354758
