time,q_ad
0.0,397.1542834354758
5.0,246.30651732482278
10.0,397.1542834354758
15.0,395.3955338762513
20.0,274.64145353034826
25.0,363.83605356393537
