time,q_ad
0.0,397.1542834354758
5.0,397.1542834354758
